,AMBT,AMBH,AMBP,CO,NO2,CO2,CO2_T,MASS_PM10,DATE,TIME,latitude,longitude,elevation
297546,23.12,32.89,98316.41,0.32,0.68,0.07,26.23,2.17,18/02/2024,19:05:27,43.358013,11.313505,341.6
297547,22.96,32.92,98417.28,0.28,0.66,0.07,25.87,3.18,18/02/2024,19:05:32,43.358013,11.313505,341.6
297548,22.8,32.96,98518.47,0.24,0.63,0.07,25.51,4.2,18/02/2024,19:05:37,43.358013,11.313505,341.6
297549,22.64,33.0,98620.43,0.2,0.61,0.07,25.16,5.23,18/02/2024,19:05:42,43.358013,11.313505,341.6
297550,22.49,33.14,98720.78,0.16,0.59,0.07,24.82,6.27,18/02/2024,19:05:47,43.358013,11.313505,341.6
297551,22.34,33.6,98821.51,0.14,0.59,0.06,24.48,7.3,18/02/2024,19:05:52,43.358013,11.313505,341.6
297552,22.19,33.91,98922.9,0.11,0.59,0.07,24.15,8.3,18/02/2024,19:05:57,43.358013,11.313505,341.6
297553,22.04,34.12,99023.37,0.08,0.57,0.07,23.82,9.25,18/02/2024,19:06:02,43.33852,11.324585,356.3
297554,21.89,34.28,99124.45,0.07,0.56,0.08,23.5,10.22,18/02/2024,19:06:07,43.33852,11.324585,356.3
297555,21.75,34.41,99224.95,0.06,0.54,0.08,23.18,10.22,18/02/2024,19:06:12,43.33852,11.324585,356.3
297556,21.78,34.48,99224.68,0.11,0.55,0.09,23.24,10.22,18/02/2024,19:06:17,43.33852,11.324585,356.3
297557,21.8,34.55,99224.58,0.15,0.55,0.1,23.29,10.16,18/02/2024,19:06:22,43.33852,11.324585,356.3
297558,21.82,34.61,99223.93,0.19,0.56,0.1,23.35,10.09,18/02/2024,19:06:27,43.33852,11.324585,356.3
297559,21.84,34.65,99223.26,0.23,0.57,0.11,23.4,10.03,18/02/2024,19:06:32,43.33852,11.324585,356.3
297560,21.85,34.56,99223.85,0.26,0.57,0.11,23.45,10.01,18/02/2024,19:06:37,43.33852,11.324585,356.3
297561,21.86,34.14,99223.36,0.28,0.57,0.11,23.5,10.01,18/02/2024,19:06:42,43.33852,11.324585,356.3
297562,21.87,33.87,99222.8,0.3,0.56,0.11,23.55,10.05,18/02/2024,19:06:47,43.33852,11.324585,356.3
297563,21.89,33.69,99223.06,0.31,0.56,0.11,23.6,10.13,18/02/2024,19:06:52,43.33852,11.324585,356.3
297564,21.91,33.55,99223.03,0.33,0.56,0.1,23.65,10.18,18/02/2024,19:06:57,43.33852,11.324585,356.3
297565,21.93,33.43,99223.11,0.33,0.57,0.09,23.7,10.23,18/02/2024,19:07:02,43.33852,11.324585,356.3
297566,21.94,33.33,99223.34,0.33,0.57,0.08,23.75,10.31,18/02/2024,19:07:07,43.33852,11.324585,356.3
297567,21.95,33.24,99223.32,0.34,0.58,0.08,23.8,10.43,18/02/2024,19:07:12,43.33852,11.324585,356.3
297568,21.96,33.16,99223.94,0.35,0.59,0.07,23.84,10.56,18/02/2024,19:07:17,43.33852,11.324585,356.3
297569,21.97,33.1,99223.25,0.36,0.59,0.07,23.89,10.67,18/02/2024,19:07:22,43.33852,11.324585,356.3
297570,21.99,33.06,99222.45,0.37,0.61,0.07,23.93,10.72,18/02/2024,19:07:27,43.33852,11.324585,356.3
297571,22.01,33.03,99222.4,0.38,0.61,0.06,23.97,10.72,18/02/2024,19:07:32,43.33852,11.324585,356.3
297572,22.03,33.0,99222.23,0.39,0.61,0.06,24.01,10.71,18/02/2024,19:07:37,43.33852,11.324585,356.3
297573,22.04,32.97,99221.65,0.39,0.62,0.06,24.05,10.72,18/02/2024,19:07:42,43.33852,11.324585,356.3
297574,22.05,32.94,99221.57,0.38,0.63,0.06,24.08,10.73,18/02/2024,19:07:47,43.33852,11.324585,356.3
297575,22.06,32.92,99221.26,0.39,0.64,0.06,24.12,10.74,18/02/2024,19:07:52,43.33852,11.324585,356.3
297576,22.08,32.9,99220.66,0.4,0.64,0.06,24.15,10.73,18/02/2024,19:07:57,43.33852,11.324585,356.3
297577,22.1,32.88,99220.84,0.4,0.65,0.06,24.18,10.69,18/02/2024,19:08:02,43.33852,11.324585,356.3
297578,22.12,32.86,99220.85,0.4,0.65,0.06,24.22,10.65,18/02/2024,19:08:07,43.33852,11.324585,356.3
297579,22.14,32.84,99221.17,0.39,0.65,0.06,24.25,10.6,18/02/2024,19:08:12,43.33852,11.324585,356.3
297580,22.15,32.83,99221.0,0.39,0.65,0.06,24.28,10.55,18/02/2024,19:08:17,43.33852,11.324585,356.3
297581,22.16,32.82,99221.09,0.39,0.65,0.06,24.32,10.48,18/02/2024,19:08:22,43.33852,11.324585,356.3
297582,22.17,32.9,99221.15,0.39,0.66,0.06,24.35,10.39,18/02/2024,19:08:27,43.33852,11.324585,356.3
297583,22.19,33.03,99221.3,0.4,0.67,0.07,24.38,10.27,18/02/2024,19:08:32,43.33852,11.324585,356.3
297584,22.21,33.16,99221.15,0.41,0.67,0.07,24.41,10.17,18/02/2024,19:08:37,43.33852,11.324585,356.3
297585,22.23,33.26,99221.34,0.42,0.67,0.07,24.44,10.05,18/02/2024,19:08:42,43.33852,11.324585,356.3
297586,22.24,33.34,99220.99,0.42,0.67,0.07,24.47,9.92,18/02/2024,19:08:47,43.33852,11.324585,356.3
297587,22.25,33.41,99220.07,0.42,0.66,0.08,24.5,9.77,18/02/2024,19:08:52,43.33852,11.324585,356.3
297588,22.26,33.47,99219.54,0.41,0.67,0.08,24.53,9.6,18/02/2024,19:08:57,43.33852,11.324585,356.3
297589,22.24,33.52,99219.36,0.42,0.68,0.08,24.56,9.43,18/02/2024,19:09:02,43.33852,11.324585,356.3
297590,22.2,33.58,99219.97,0.42,0.67,0.08,24.59,9.32,18/02/2024,19:09:07,43.33852,11.324585,356.3
297591,22.13,33.68,99219.89,0.41,0.67,0.08,24.61,9.31,18/02/2024,19:09:12,43.33852,11.324585,356.3
297592,22.04,33.72,99219.56,0.41,0.67,0.09,24.62,9.38,18/02/2024,19:09:17,43.33852,11.324585,356.3
297593,21.92,33.75,99219.15,0.41,0.66,0.09,24.63,9.5,18/02/2024,19:09:22,43.338525,11.324535,362.7
297594,21.79,33.82,99219.25,0.41,0.66,0.09,24.63,9.64,18/02/2024,19:09:27,43.338525,11.324535,362.7
297595,21.65,33.94,99218.5,0.4,0.65,0.08,24.61,9.83,18/02/2024,19:09:32,43.338525,11.324535,362.7
297596,21.5,34.09,99218.98,0.42,0.66,0.08,24.59,10.06,18/02/2024,19:09:37,43.338525,11.324535,362.7
297597,21.35,34.25,99219.37,0.43,0.67,0.08,24.56,10.31,18/02/2024,19:09:42,43.338525,11.324535,362.7
297598,21.21,34.43,99219.38,0.43,0.66,0.08,24.52,10.53,18/02/2024,19:09:47,43.338525,11.324535,362.7
297599,21.1,34.62,99219.7,0.43,0.65,0.08,24.47,10.71,18/02/2024,19:09:52,43.338525,11.324535,362.7
297600,21.02,34.78,99219.3,0.44,0.66,0.08,24.42,10.84,18/02/2024,19:09:57,43.338525,11.324535,362.7
297601,20.98,34.88,99219.49,0.46,0.67,0.08,24.37,10.88,18/02/2024,19:10:02,43.338525,11.324535,362.7
297602,20.97,34.93,99219.83,0.46,0.66,0.07,24.34,10.88,18/02/2024,19:10:07,43.338525,11.324535,362.7
297603,20.99,34.92,99220.24,0.46,0.66,0.07,24.31,10.87,18/02/2024,19:10:12,43.338525,11.324535,362.7
297604,21.02,34.86,99219.84,0.47,0.65,0.07,24.29,10.86,18/02/2024,19:10:17,43.338525,11.324535,362.7
297605,21.06,34.78,99220.29,0.48,0.65,0.07,24.28,10.86,18/02/2024,19:10:22,43.338525,11.324535,362.7
297606,21.11,34.7,99220.35,0.48,0.65,0.07,24.28,10.82,18/02/2024,19:10:27,43.338525,11.324535,362.7
297607,21.16,34.6,99220.33,0.49,0.64,0.07,24.29,10.83,18/02/2024,19:10:32,43.33849,11.32454,356.1
297608,21.2,34.49,99220.35,0.51,0.64,0.07,24.3,10.88,18/02/2024,19:10:32,43.33849,11.32454,356.1
297609,21.24,34.39,99220.01,0.5,0.64,0.06,24.32,11.03,18/02/2024,19:10:37,43.33849,11.32454,356.1
297610,21.26,34.32,99219.88,0.51,0.63,0.06,24.34,11.21,18/02/2024,19:10:42,43.33849,11.32454,356.1
297611,21.27,34.27,99219.71,0.52,0.63,0.06,24.37,11.46,18/02/2024,19:10:47,43.33849,11.32454,356.1
297612,21.28,34.24,99218.85,0.55,0.63,0.06,24.39,11.71,18/02/2024,19:10:52,43.33849,11.32454,356.1
297613,21.28,34.22,99218.76,0.57,0.62,0.06,24.41,11.92,18/02/2024,19:10:57,43.33849,11.32454,356.1
297614,21.29,34.21,99219.32,0.58,0.63,0.06,24.43,12.06,18/02/2024,19:11:02,43.33849,11.32454,356.1
297615,21.3,34.18,99219.3,0.6,0.64,0.06,24.45,12.13,18/02/2024,19:11:07,43.338535,11.32465,354.4
297616,21.32,34.14,99219.2,0.61,0.63,0.06,24.46,12.2,18/02/2024,19:11:12,43.338535,11.32465,354.4
297617,21.34,34.11,99219.08,0.62,0.63,0.06,24.47,12.22,18/02/2024,19:11:17,43.338535,11.324645,354.6
297618,21.36,34.07,99218.95,0.62,0.64,0.06,24.48,12.23,18/02/2024,19:11:22,43.338535,11.324645,354.6
297619,21.39,34.01,99219.14,0.63,0.64,0.06,24.49,12.18,18/02/2024,19:11:27,43.338535,11.324645,354.6
297620,21.43,33.94,99219.61,0.62,0.65,0.06,24.5,12.08,18/02/2024,19:11:32,43.338535,11.324645,354.6
297621,21.47,33.87,99219.2,0.61,0.64,0.06,24.5,11.92,18/02/2024,19:11:37,43.33845,11.324595,363.4
297622,21.5,33.79,99219.87,0.59,0.65,0.06,24.51,11.72,18/02/2024,19:11:42,43.338445,11.324595,363.5
297623,21.54,33.72,99220.16,0.58,0.65,0.06,24.52,11.52,18/02/2024,19:11:47,43.338445,11.324595,363.5
297624,21.57,33.67,99220.15,0.58,0.64,0.06,24.53,11.39,18/02/2024,19:11:52,43.338445,11.324595,363.5
297625,21.59,33.68,99220.76,0.56,0.63,0.06,24.54,11.31,18/02/2024,19:11:57,43.338445,11.324595,363.5
297626,21.6,33.72,99221.02,0.54,0.64,0.06,24.55,11.21,18/02/2024,19:12:02,43.338445,11.324595,363.5
297627,21.6,33.8,99220.85,0.52,0.64,0.06,24.56,11.11,18/02/2024,19:12:07,43.338445,11.324595,363.5
297628,21.6,33.86,99220.86,0.51,0.64,0.06,24.57,10.99,18/02/2024,19:12:12,43.338445,11.324595,363.5
297629,21.59,33.92,99220.44,0.51,0.64,0.06,24.58,10.83,18/02/2024,19:12:17,43.338445,11.324595,363.5
297630,21.58,33.97,99220.13,0.52,0.64,0.06,24.59,10.67,18/02/2024,19:12:22,43.338445,11.324595,363.5
297631,21.58,34.02,99220.38,0.52,0.64,0.06,24.6,10.54,18/02/2024,19:12:27,43.338445,11.324595,363.5
297632,21.58,34.07,99220.38,0.5,0.63,0.06,24.6,10.44,18/02/2024,19:12:32,43.338445,11.324595,363.5
297633,21.57,34.12,99220.22,0.49,0.63,0.06,24.6,10.37,18/02/2024,19:12:37,43.338445,11.324595,363.5
297634,21.56,34.15,99219.84,0.48,0.63,0.06,24.6,10.28,18/02/2024,19:12:42,43.338445,11.324595,363.5
297635,21.56,34.14,99219.65,0.49,0.63,0.06,24.6,10.21,18/02/2024,19:12:47,43.338445,11.324595,363.5
297636,21.56,34.12,99219.16,0.49,0.62,0.06,24.6,10.23,18/02/2024,19:12:52,43.338445,11.324595,363.5
297637,21.56,34.06,99219.48,0.48,0.62,0.06,24.6,10.3,18/02/2024,19:12:57,43.338445,11.324595,363.5
297638,21.56,34.04,99220.28,0.47,0.62,0.06,24.6,10.44,18/02/2024,19:13:02,43.338445,11.324595,363.5
297639,21.56,34.02,99220.68,0.46,0.62,0.06,24.6,10.6,18/02/2024,19:13:07,43.338445,11.324595,363.5
297640,21.56,33.99,99220.54,0.45,0.61,0.06,24.6,10.76,18/02/2024,19:13:12,43.338445,11.324595,363.5
297641,21.55,33.96,99221.05,0.44,0.61,0.06,24.6,10.91,18/02/2024,19:13:17,43.338445,11.324595,363.5
297642,21.54,33.94,99221.01,0.47,0.62,0.06,24.6,11.04,18/02/2024,19:13:22,43.338445,11.324595,363.5
297643,21.53,33.91,99220.86,0.48,0.63,0.06,24.6,11.15,18/02/2024,19:13:27,43.338445,11.324595,363.5
297644,21.52,33.88,99221.24,0.48,0.63,0.06,24.6,11.24,18/02/2024,19:13:32,43.338445,11.324595,363.5
297645,21.51,33.85,99221.46,0.46,0.63,0.06,24.6,11.32,18/02/2024,19:13:37,43.338445,11.324595,363.5
297646,21.5,33.8,99221.83,0.45,0.63,0.06,24.6,11.34,18/02/2024,19:13:42,43.338445,11.324595,363.5
297647,21.5,33.76,99221.69,0.46,0.63,0.06,24.6,11.31,18/02/2024,19:13:47,43.338445,11.324595,363.5
297648,21.5,33.71,99221.03,0.46,0.62,0.06,24.6,11.24,18/02/2024,19:13:52,43.338445,11.324595,363.5
297649,21.5,33.7,99221.02,0.47,0.61,0.06,24.59,11.18,18/02/2024,19:13:57,43.338445,11.324595,363.5
297650,21.5,33.71,99221.3,0.48,0.61,0.06,24.58,11.13,18/02/2024,19:14:02,43.338445,11.324595,363.5
297651,21.5,33.71,99221.23,0.5,0.61,0.06,24.57,11.1,18/02/2024,19:14:07,43.338445,11.324595,363.5
297652,21.5,33.71,99221.19,0.48,0.6,0.06,24.56,11.09,18/02/2024,19:14:12,43.338445,11.324595,363.5
297653,21.5,33.72,99221.32,0.47,0.59,0.06,24.55,11.08,18/02/2024,19:14:17,43.338445,11.324595,363.5
297654,21.5,33.75,99221.36,0.46,0.59,0.06,24.54,11.1,18/02/2024,19:14:22,43.338445,11.324595,363.5
297655,21.49,33.77,99220.99,0.47,0.59,0.06,24.53,11.11,18/02/2024,19:14:27,43.338445,11.324595,363.5
297656,21.48,33.8,99221.08,0.46,0.59,0.06,24.52,11.14,18/02/2024,19:14:32,43.338445,11.324595,363.5
297657,21.47,33.84,99221.68,0.45,0.59,0.06,24.51,11.2,18/02/2024,19:14:37,43.338445,11.324595,363.5
297658,21.46,33.91,99222.07,0.46,0.59,0.06,24.5,11.25,18/02/2024,19:14:42,43.338445,11.324595,363.5
297659,21.45,33.97,99222.69,0.46,0.6,0.06,24.5,11.33,18/02/2024,19:14:47,43.338445,11.324595,363.5
297660,21.44,34.02,99222.78,0.46,0.6,0.06,24.5,11.41,18/02/2024,19:14:52,43.338445,11.324595,363.5
297661,21.43,34.07,99222.65,0.45,0.6,0.06,24.5,11.5,18/02/2024,19:14:57,43.338445,11.324595,363.5
297662,21.42,34.13,99223.62,0.46,0.6,0.06,24.5,11.57,18/02/2024,19:15:02,43.338445,11.324595,363.5
297663,21.41,34.18,99224.24,0.46,0.6,0.06,24.5,11.63,18/02/2024,19:15:07,43.338445,11.324595,363.5
297664,21.39,34.25,99224.49,0.46,0.6,0.06,24.5,11.64,18/02/2024,19:15:12,43.338445,11.324595,363.5
297665,21.38,34.32,99224.38,0.43,0.6,0.06,24.49,11.59,18/02/2024,19:15:17,43.338445,11.324595,363.5
297666,21.37,34.37,99224.5,0.44,0.61,0.06,24.48,11.5,18/02/2024,19:15:22,43.338445,11.324595,363.5
297667,21.35,34.41,99224.81,0.44,0.62,0.06,24.47,11.43,18/02/2024,19:15:27,43.338445,11.324595,363.5
297668,21.33,34.42,99224.9,0.43,0.62,0.06,24.46,11.39,18/02/2024,19:15:32,43.338445,11.324595,363.5
297669,21.31,34.4,99225.12,0.43,0.62,0.06,24.45,11.33,18/02/2024,19:15:37,43.338445,11.324595,363.5
297670,21.29,34.39,99225.39,0.42,0.63,0.06,24.44,11.3,18/02/2024,19:15:42,43.338445,11.324595,363.5
297671,21.27,34.39,99225.84,0.42,0.63,0.06,24.43,11.28,18/02/2024,19:15:47,43.338445,11.324595,363.5
297672,21.25,34.38,99224.83,0.42,0.63,0.06,24.42,11.28,18/02/2024,19:15:52,43.338445,11.324595,363.5
297673,21.23,34.4,99224.56,0.43,0.63,0.06,24.4,11.34,18/02/2024,19:15:57,43.338445,11.324595,363.5
297674,21.22,34.38,99224.32,0.43,0.64,0.06,24.38,11.44,18/02/2024,19:16:02,43.338445,11.324595,363.5
297675,21.2,34.38,99224.73,0.45,0.64,0.06,24.37,11.58,18/02/2024,19:16:07,43.338445,11.324595,363.5
297676,21.18,34.41,99224.8,0.47,0.63,0.06,24.36,11.73,18/02/2024,19:16:12,43.338445,11.324595,363.5
297677,21.16,34.48,99224.23,0.46,0.62,0.06,24.35,11.84,18/02/2024,19:16:17,43.338445,11.324595,363.5
297678,21.14,34.54,99224.18,0.47,0.62,0.06,24.34,11.94,18/02/2024,19:16:22,43.338445,11.324595,363.5
297679,21.12,34.6,99223.89,0.46,0.62,0.06,24.33,12.04,18/02/2024,19:16:27,43.338445,11.324595,363.5
297680,21.1,34.65,99224.11,0.46,0.61,0.06,24.31,12.04,18/02/2024,19:16:32,43.338445,11.324595,363.5
297681,21.08,34.71,99223.7,0.46,0.6,0.06,24.29,11.94,18/02/2024,19:16:37,43.338445,11.324595,363.5
297682,21.05,34.78,99224.48,0.45,0.6,0.06,24.27,11.81,18/02/2024,19:16:42,43.338445,11.324595,363.5
297683,21.02,34.83,99224.66,0.44,0.6,0.06,24.26,11.62,18/02/2024,19:16:47,43.338445,11.324595,363.5
297684,20.99,34.89,99224.7,0.44,0.59,0.06,24.25,11.43,18/02/2024,19:16:52,43.338445,11.324595,363.5
297685,20.97,34.94,99224.85,0.44,0.59,0.06,24.24,11.24,18/02/2024,19:16:57,43.338445,11.324595,363.5
297686,20.95,34.98,99224.89,0.42,0.58,0.06,24.23,11.04,18/02/2024,19:17:02,43.338445,11.324595,363.5
297687,20.94,34.97,99225.18,0.42,0.58,0.06,24.21,10.9,18/02/2024,19:17:07,43.338445,11.324595,363.5
297688,20.93,34.97,99225.28,0.41,0.59,0.06,24.19,10.75,18/02/2024,19:17:12,43.338445,11.324595,363.5
297689,20.92,34.98,99225.33,0.4,0.59,0.06,24.17,10.64,18/02/2024,19:17:17,43.338445,11.324595,363.5
297690,20.91,34.99,99225.18,0.38,0.59,0.06,24.16,10.64,18/02/2024,19:17:22,43.338445,11.324595,363.5
297691,20.9,34.98,99225.97,0.37,0.6,0.06,24.15,10.7,18/02/2024,19:17:27,43.338445,11.324595,363.5
297692,20.89,34.99,99225.99,0.37,0.6,0.06,24.14,10.76,18/02/2024,19:17:32,43.338445,11.324595,363.5
297693,20.88,35.02,99225.85,0.37,0.6,0.06,24.13,10.81,18/02/2024,19:17:37,43.338445,11.324595,363.5
297694,20.87,35.04,99226.28,0.38,0.6,0.06,24.11,10.84,18/02/2024,19:17:42,43.338445,11.324595,363.5
297695,20.86,35.06,99226.28,0.39,0.6,0.06,24.09,10.87,18/02/2024,19:17:47,43.338445,11.324595,363.5
297696,20.85,35.06,99225.98,0.4,0.61,0.06,24.07,10.9,18/02/2024,19:17:52,43.338445,11.324595,363.5
297697,20.84,35.07,99226.48,0.42,0.61,0.06,24.06,10.87,18/02/2024,19:17:57,43.338445,11.324595,363.5
297698,20.83,35.07,99226.83,0.42,0.6,0.06,24.05,10.85,18/02/2024,19:18:02,43.338445,11.324595,363.5
297699,20.82,35.07,99226.64,0.43,0.6,0.06,24.04,10.8,18/02/2024,19:18:07,43.338445,11.324595,363.5
297700,20.81,35.08,99226.58,0.44,0.59,0.06,24.02,10.73,18/02/2024,19:18:12,43.338445,11.324595,363.5
297701,20.8,35.1,99226.17,0.45,0.59,0.06,24.0,10.66,18/02/2024,19:18:17,43.338445,11.324595,363.5
297702,20.79,35.12,99225.78,0.46,0.59,0.06,23.98,10.61,18/02/2024,19:18:22,43.338445,11.324595,363.5
297703,20.78,35.13,99225.74,0.48,0.59,0.06,23.96,10.63,18/02/2024,19:18:27,43.338445,11.324595,363.5
297704,20.76,35.16,99225.42,0.49,0.59,0.06,23.95,10.68,18/02/2024,19:18:32,43.338445,11.324595,363.5
297705,20.74,35.18,99225.22,0.51,0.59,0.06,23.94,10.71,18/02/2024,19:18:37,43.338445,11.324595,363.5
297706,20.72,35.21,99225.59,0.53,0.59,0.06,23.92,10.74,18/02/2024,19:18:42,43.338445,11.324595,363.5
297707,20.7,35.23,99225.39,0.56,0.59,0.06,23.9,10.82,18/02/2024,19:18:47,43.338445,11.324595,363.5
297708,20.68,35.26,99224.98,0.59,0.59,0.06,23.88,10.9,18/02/2024,19:18:52,43.338445,11.324595,363.5
297709,20.66,35.29,99224.86,0.61,0.59,0.06,23.86,10.97,18/02/2024,19:18:57,43.338445,11.324595,363.5
297710,20.64,35.32,99224.93,0.63,0.6,0.06,23.85,11.02,18/02/2024,19:19:02,43.338445,11.324595,363.5
297711,20.62,35.34,99225.4,0.65,0.6,0.06,23.84,11.05,18/02/2024,19:19:07,43.338445,11.324595,363.5
297712,20.61,35.35,99225.69,0.66,0.6,0.06,23.83,11.08,18/02/2024,19:19:12,43.338445,11.324595,363.5
297713,20.59,35.42,99226.02,0.67,0.6,0.06,23.81,11.06,18/02/2024,19:19:17,43.338445,11.324595,363.5
297714,20.58,35.51,99225.77,0.68,0.61,0.06,23.79,11.04,18/02/2024,19:19:22,43.338445,11.324595,363.5
297715,20.56,35.6,99225.9,0.67,0.61,0.06,23.77,11.02,18/02/2024,19:19:27,43.338445,11.324595,363.5
297716,20.53,35.74,99225.78,0.66,0.61,0.06,23.76,11.02,18/02/2024,19:19:32,43.338445,11.324595,363.5
297717,20.5,35.88,99225.35,0.63,0.62,0.07,23.75,11.02,18/02/2024,19:19:37,43.338445,11.324595,363.5
297718,20.47,36.0,99225.51,0.61,0.62,0.07,23.73,11.01,18/02/2024,19:19:42,43.338445,11.324595,363.5
297719,20.44,36.13,99225.96,0.6,0.61,0.07,23.71,10.96,18/02/2024,19:19:47,43.338445,11.324595,363.5
297720,20.41,36.25,99226.03,0.6,0.61,0.07,23.69,10.89,18/02/2024,19:19:52,43.338445,11.324595,363.5
297721,20.38,36.37,99225.49,0.59,0.61,0.08,23.67,10.87,18/02/2024,19:19:57,43.338445,11.324595,363.5
297722,20.35,36.46,99225.66,0.58,0.61,0.08,23.65,10.87,18/02/2024,19:20:02,43.338445,11.324595,363.5
297723,20.33,36.48,99225.84,0.54,0.61,0.08,23.64,10.86,18/02/2024,19:20:07,43.338445,11.324595,363.5
297724,20.31,36.51,99226.38,0.51,0.6,0.08,23.62,10.84,18/02/2024,19:20:12,43.338445,11.324595,363.5
297725,20.3,36.55,99226.47,0.5,0.6,0.08,23.6,10.85,18/02/2024,19:20:17,43.338445,11.324595,363.5
297726,20.29,36.53,99226.3,0.49,0.6,0.09,23.58,10.85,18/02/2024,19:20:22,43.338445,11.324595,363.5
297727,20.28,36.51,99226.49,0.49,0.59,0.08,23.56,10.83,18/02/2024,19:20:27,43.338445,11.324595,363.5
297728,20.27,36.51,99226.44,0.48,0.58,0.08,23.55,10.79,18/02/2024,19:20:32,43.338445,11.324595,363.5
297729,20.25,36.5,99226.62,0.47,0.58,0.08,23.54,10.79,18/02/2024,19:20:37,43.338445,11.324595,363.5
297730,20.23,36.5,99226.67,0.46,0.57,0.08,23.52,10.83,18/02/2024,19:20:42,43.338445,11.324595,363.5
297731,20.21,36.52,99226.86,0.46,0.57,0.08,23.5,10.88,18/02/2024,19:20:47,43.338445,11.324595,363.5
297732,20.19,36.55,99226.47,0.47,0.56,0.08,23.48,10.98,18/02/2024,19:20:52,43.338445,11.324595,363.5
297733,20.17,36.57,99225.91,0.48,0.55,0.07,23.46,11.11,18/02/2024,19:20:57,43.338445,11.324595,363.5
297734,20.15,36.55,99225.93,0.49,0.55,0.07,23.45,11.26,18/02/2024,19:21:02,43.338445,11.324595,363.5
297735,20.13,36.54,99226.1,0.5,0.54,0.07,23.44,11.37,18/02/2024,19:21:07,43.338445,11.324595,363.5
297736,20.12,36.54,99226.75,0.5,0.54,0.07,23.43,11.47,18/02/2024,19:21:12,43.338445,11.324595,363.5
297737,20.11,36.54,99226.87,0.5,0.54,0.07,23.41,11.52,18/02/2024,19:21:17,43.338445,11.324595,363.5
297738,20.1,36.67,99227.25,0.5,0.55,0.07,23.39,11.58,18/02/2024,19:21:22,43.338445,11.324595,363.5
297739,20.1,36.81,99227.22,0.52,0.56,0.07,23.37,11.65,18/02/2024,19:21:27,43.338445,11.324595,363.5
297740,20.09,36.97,99227.28,0.54,0.57,0.07,23.36,11.74,18/02/2024,19:21:32,43.33853,11.324575,359.4
297741,20.08,37.09,99227.76,0.52,0.57,0.07,23.35,11.81,18/02/2024,19:21:37,43.33853,11.324575,359.4
297742,20.07,37.19,99228.12,0.51,0.58,0.07,23.34,11.8,18/02/2024,19:21:42,43.338535,11.324565,360.3
297743,20.06,37.3,99228.51,0.52,0.59,0.07,23.33,11.78,18/02/2024,19:21:42,43.338535,11.324565,360.3
297744,20.05,37.4,99228.58,0.56,0.59,0.07,23.32,11.66,18/02/2024,19:21:47,43.338535,11.324565,360.3
297745,20.04,37.48,99228.62,0.61,0.6,0.08,23.3,11.54,18/02/2024,19:21:52,43.338535,11.324565,360.3
297746,20.03,37.55,99228.42,0.61,0.6,0.08,23.28,11.44,18/02/2024,19:21:57,43.338535,11.324565,360.3
297747,20.02,37.62,99228.7,0.66,0.6,0.08,23.27,11.37,18/02/2024,19:22:02,43.338535,11.324565,360.3
297748,20.01,37.56,99228.45,0.73,0.59,0.08,23.26,11.29,18/02/2024,19:22:07,43.338535,11.324565,360.3
297749,20.0,37.48,99228.27,0.78,0.59,0.08,23.25,11.2,18/02/2024,19:22:12,43.338535,11.324565,360.3
297750,20.0,37.38,99228.45,0.83,0.59,0.08,23.24,11.08,18/02/2024,19:22:17,43.338535,11.324565,360.3
297751,20.0,37.3,99228.06,0.9,0.59,0.08,23.23,10.94,18/02/2024,19:22:22,43.338535,11.324565,360.3
297752,20.0,37.25,99228.11,0.97,0.59,0.08,23.22,10.83,18/02/2024,19:22:27,43.338535,11.324565,360.3
297753,20.0,37.19,99227.92,1.03,0.59,0.08,23.21,10.75,18/02/2024,19:22:32,43.338535,11.324565,360.3
297754,20.0,37.14,99227.74,1.06,0.59,0.08,23.19,10.78,18/02/2024,19:22:37,43.338535,11.324565,360.3
297755,20.0,37.1,99227.58,1.05,0.59,0.08,23.18,10.84,18/02/2024,19:22:42,43.338535,11.324565,360.3
297756,19.99,37.06,99227.83,1.1,0.59,0.08,23.17,10.87,18/02/2024,19:22:47,43.338535,11.324565,360.3
297757,19.98,37.04,99227.63,1.11,0.58,0.08,23.16,10.89,18/02/2024,19:22:52,43.338535,11.324565,360.3
297758,19.97,37.02,99227.48,1.11,0.59,0.08,23.15,10.93,18/02/2024,19:22:57,43.338535,11.324565,360.3
297759,19.96,37.02,99227.28,1.11,0.58,0.07,23.14,10.96,18/02/2024,19:23:02,43.338535,11.324565,360.3
297760,19.95,37.02,99226.84,1.1,0.57,0.07,23.13,10.97,18/02/2024,19:23:07,43.338447,11.324535,360.5
297761,19.94,37.03,99226.6,1.1,0.56,0.07,23.12,10.99,18/02/2024,19:23:07,43.33838,11.324577,359.9
297762,19.93,37.02,99226.44,1.1,0.56,0.07,23.11,11.02,18/02/2024,19:23:12,43.338303,11.32455,358.3
297763,19.92,37.01,99226.61,1.11,0.56,0.07,23.1,11.1,18/02/2024,19:23:17,43.338303,11.32455,358.3
297764,19.91,37.0,99226.74,1.11,0.55,0.07,23.1,11.24,18/02/2024,19:23:22,43.338357,11.32443,356.6
297765,19.9,36.99,99226.72,1.13,0.54,0.07,23.1,11.37,18/02/2024,19:23:22,43.33829,11.324487,356.5
297766,19.9,37.0,99226.77,1.14,0.53,0.07,23.09,11.56,18/02/2024,19:23:27,43.338492,11.324395,357.4
297767,19.9,37.0,99227.05,1.14,0.53,0.07,23.08,11.76,18/02/2024,19:23:27,43.338575,11.324375,357.5
297768,19.9,37.0,99227.53,1.14,0.52,0.07,23.07,11.96,18/02/2024,19:23:27,43.338675,11.32435,358.1
297769,19.9,36.99,99228.09,1.14,0.52,0.06,23.06,12.18,18/02/2024,19:23:27,43.338785,11.324325,359.3
297770,19.9,36.98,99228.67,1.14,0.52,0.06,23.05,12.42,18/02/2024,19:23:27,43.3389,11.3243,360.0
297771,19.89,36.98,99229.09,1.15,0.52,0.06,23.04,12.71,18/02/2024,19:23:32,43.33902,11.324285,361.0
297772,19.88,36.99,99229.34,1.15,0.51,0.06,23.03,12.98,18/02/2024,19:23:32,43.339142,11.32426,362.6
297773,19.87,37.01,99229.5,1.15,0.5,0.06,23.02,13.17,18/02/2024,19:23:32,43.339255,11.324258,363.1
297774,19.86,37.03,99229.65,1.15,0.5,0.06,23.01,13.26,18/02/2024,19:23:32,43.33938,11.32425,363.9
297775,19.85,37.05,99229.8,1.15,0.5,0.06,23.0,13.35,18/02/2024,19:23:32,43.339505,11.32425,364.3
297776,19.84,37.06,99229.52,1.17,0.5,0.06,23.0,13.39,18/02/2024,19:23:37,43.34003,11.324353,366.7
297777,19.83,37.07,99229.24,1.19,0.5,0.06,23.0,13.43,18/02/2024,19:23:37,43.33993,11.324322,366.2
297778,19.82,37.08,99228.96,1.21,0.5,0.06,23.0,13.47,18/02/2024,19:23:37,43.339715,11.324275,365.7
297779,19.81,37.09,99228.68,1.23,0.5,0.06,23.0,13.51,18/02/2024,19:23:37,43.33982,11.324293,365.8
297780,19.8,37.1,99228.4,1.25,0.5,0.06,23.0,13.55,18/02/2024,19:23:37,43.339607,11.324255,365.8
297781,19.8,37.09,99228.37,1.24,0.51,0.06,23.0,13.53,18/02/2024,19:23:42,43.34014,11.324388,367.6
297782,19.8,37.08,99228.34,1.23,0.52,0.06,23.0,13.51,18/02/2024,19:23:42,43.340245,11.32442,368.6
297783,19.8,37.07,99228.31,1.22,0.53,0.06,23.0,13.49,18/02/2024,19:23:42,43.340342,11.324443,369.8
297784,19.8,37.06,99228.28,1.21,0.54,0.06,23.0,13.47,18/02/2024,19:23:42,43.340425,11.32447,370.6
297785,19.8,37.05,99228.1,1.21,0.55,0.06,23.0,13.43,18/02/2024,19:23:47,43.340555,11.324515,372.7
297786,19.8,37.04,99228.04,1.2,0.56,0.06,23.0,13.4,18/02/2024,19:23:47,43.34065,11.324555,375.7
297787,19.8,37.03,99227.93,1.19,0.56,0.06,23.0,13.4,18/02/2024,19:23:52,43.34071,11.32466,380.7
297788,19.8,37.02,99227.82,1.18,0.56,0.06,23.0,13.4,18/02/2024,19:23:52,43.340702,11.324767,382.3
297789,19.8,37.01,99227.78,1.17,0.57,0.06,23.0,13.41,18/02/2024,19:23:57,43.340645,11.324845,382.0
297790,19.8,37.03,99228.02,1.16,0.58,0.06,23.0,13.39,18/02/2024,19:24:02,43.34068,11.324955,379.8
297791,19.8,37.06,99228.17,1.17,0.58,0.06,23.0,13.38,18/02/2024,19:24:02,43.34075,11.32503,378.2
297792,19.8,37.11,99228.09,1.17,0.58,0.06,23.0,13.36,18/02/2024,19:24:07,43.340802,11.3251,374.7
297793,19.8,37.15,99227.98,1.17,0.57,0.07,22.99,13.31,18/02/2024,19:24:12,43.340822,11.325095,372.7
297794,19.8,37.2,99228.1,1.18,0.57,0.07,22.98,13.22,18/02/2024,19:24:17,43.340822,11.325095,372.7
297795,19.8,37.24,99228.66,1.18,0.56,0.07,22.97,13.12,18/02/2024,19:24:22,43.340738,11.325017,371.6
297796,19.8,37.28,99229.22,1.18,0.55,0.07,22.96,13.02,18/02/2024,19:24:22,43.340685,11.32494,372.0
297797,19.79,37.33,99229.51,1.18,0.56,0.07,22.95,12.87,18/02/2024,19:24:27,43.34071,11.324823,374.6
297798,19.78,37.38,99229.8,1.18,0.57,0.07,22.94,12.72,18/02/2024,19:24:27,43.34077,11.32475,375.8
297799,19.77,37.42,99229.97,1.18,0.56,0.07,22.93,12.56,18/02/2024,19:24:32,43.340835,11.3247,377.2
297800,19.76,37.43,99229.92,1.18,0.56,0.08,22.92,12.43,18/02/2024,19:24:37,43.340925,11.324665,379.4
297801,19.75,37.44,99229.87,1.18,0.56,0.08,22.91,12.3,18/02/2024,19:24:37,43.341,11.324655,380.5
297802,19.74,37.43,99229.81,1.19,0.56,0.08,22.9,12.16,18/02/2024,19:24:42,43.34115,11.324715,381.4
297803,19.73,37.43,99229.78,1.2,0.57,0.08,22.9,12.05,18/02/2024,19:24:42,43.341227,11.324755,381.5
297804,19.72,37.42,99229.52,1.2,0.57,0.08,22.9,11.98,18/02/2024,19:24:42,43.34131,11.324792,381.7
297805,19.71,37.42,99228.97,1.2,0.58,0.07,22.9,11.94,18/02/2024,19:24:42,43.341395,11.324835,381.7
297806,19.7,37.42,99228.42,1.2,0.59,0.07,22.9,11.9,18/02/2024,19:24:42,43.34148,11.32489,380.5
297807,19.7,37.41,99228.46,1.2,0.59,0.07,22.9,11.86,18/02/2024,19:24:47,43.3417,11.325053,379.8
297808,19.7,37.4,99228.5,1.2,0.59,0.07,22.9,11.82,18/02/2024,19:24:47,43.34185,11.325195,380.5
297809,19.7,37.4,99228.59,1.2,0.6,0.07,22.9,11.78,18/02/2024,19:24:47,43.34178,11.32512,379.8
297810,19.7,37.4,99228.62,1.2,0.6,0.07,22.9,11.74,18/02/2024,19:24:47,43.341555,11.32494,380.6
297811,19.7,37.4,99228.65,1.2,0.6,0.07,22.9,11.7,18/02/2024,19:24:47,43.341625,11.324992,379.9
297812,19.7,37.41,99228.98,1.19,0.6,0.07,22.9,11.68,18/02/2024,19:24:52,43.341915,11.32526,381.0
297813,19.7,37.42,99229.31,1.18,0.6,0.07,22.9,11.66,18/02/2024,19:24:52,43.341995,11.32534,381.9
297814,19.7,37.43,99229.64,1.17,0.6,0.07,22.9,11.64,18/02/2024,19:24:52,43.342075,11.325428,382.6
297815,19.7,37.44,99229.97,1.16,0.6,0.07,22.9,11.62,18/02/2024,19:24:52,43.34215,11.325535,383.0
297816,19.7,37.45,99230.3,1.15,0.6,0.07,22.9,11.6,18/02/2024,19:24:52,43.34223,11.325635,383.0
297817,19.7,37.47,99229.85,1.15,0.59,0.07,22.89,11.62,18/02/2024,19:24:57,43.34259,11.326155,382.6
297818,19.7,37.49,99229.4,1.15,0.58,0.07,22.88,11.64,18/02/2024,19:24:57,43.34253,11.32605,382.7
297819,19.7,37.51,99228.95,1.15,0.57,0.07,22.87,11.66,18/02/2024,19:24:57,43.34241,11.32584,384.1
297820,19.7,37.53,99228.5,1.15,0.56,0.07,22.86,11.68,18/02/2024,19:24:57,43.342322,11.32574,383.5
297821,19.7,37.55,99228.05,1.15,0.55,0.07,22.85,11.7,18/02/2024,19:24:57,43.34247,11.32595,383.2
297822,19.7,37.55,99228.07,1.16,0.55,0.07,22.84,11.74,18/02/2024,19:25:02,43.342635,11.32625,381.7
297823,19.7,37.55,99228.09,1.17,0.55,0.07,22.83,11.78,18/02/2024,19:25:02,43.342685,11.326345,380.2
297824,19.7,37.55,99228.11,1.18,0.55,0.07,22.82,11.82,18/02/2024,19:25:02,43.342732,11.32643,379.4
297825,19.7,37.55,99228.13,1.19,0.55,0.07,22.81,11.86,18/02/2024,19:25:02,43.342785,11.326515,377.9
297826,19.7,37.55,99228.32,1.19,0.54,0.06,22.8,11.9,18/02/2024,19:25:07,43.342865,11.32664,377.7
297827,19.7,37.54,99229.02,1.18,0.54,0.06,22.8,11.92,18/02/2024,19:25:07,43.34296,11.32684,377.2
297828,19.7,37.53,99229.72,1.17,0.54,0.06,22.8,11.94,18/02/2024,19:25:07,43.342915,11.326735,378.6
297829,19.7,37.51,99230.05,1.17,0.54,0.06,22.8,11.95,18/02/2024,19:25:12,43.343125,11.32696,378.0
297830,19.7,37.49,99230.38,1.17,0.54,0.06,22.8,11.96,18/02/2024,19:25:12,43.34302,11.326945,377.0
297831,19.7,37.5,99230.7,1.16,0.54,0.06,22.8,11.99,18/02/2024,19:25:17,43.343157,11.32683,378.7
297832,19.7,37.52,99230.49,1.15,0.53,0.06,22.8,12.0,18/02/2024,19:25:17,43.343135,11.326725,379.2
297833,19.69,37.56,99230.29,1.15,0.53,0.06,22.8,12.02,18/02/2024,19:25:22,43.342805,11.32652,380.4
297834,19.68,37.6,99230.09,1.15,0.53,0.06,22.8,12.04,18/02/2024,19:25:22,43.34291,11.32663,379.7
297835,19.67,37.64,99229.89,1.15,0.53,0.06,22.8,12.06,18/02/2024,19:25:22,43.343025,11.326685,379.6
297836,19.66,37.71,99229.56,1.15,0.54,0.06,22.8,12.12,18/02/2024,19:25:27,43.342715,11.32635,380.1
297837,19.65,37.78,99229.23,1.15,0.55,0.06,22.8,12.18,18/02/2024,19:25:27,43.34263,11.326195,379.4
297838,19.64,37.85,99228.9,1.15,0.56,0.06,22.8,12.24,18/02/2024,19:25:27,43.342585,11.32611,379.3
297839,19.63,37.94,99228.91,1.14,0.56,0.06,22.8,12.4,18/02/2024,19:25:32,43.342535,11.326015,380.3
297840,19.62,38.03,99228.92,1.13,0.56,0.07,22.8,12.56,18/02/2024,19:25:32,43.342475,11.32592,381.0
297841,19.61,38.09,99228.94,1.13,0.56,0.07,22.8,12.7,18/02/2024,19:25:32,43.342425,11.32583,381.4
297842,19.6,38.15,99228.96,1.13,0.56,0.07,22.8,12.84,18/02/2024,19:25:32,43.342365,11.32573,381.9
297843,19.6,38.19,99228.97,1.12,0.55,0.07,22.8,12.97,18/02/2024,19:25:32,43.342305,11.325635,382.0
297844,19.6,38.2,99228.86,1.11,0.54,0.07,22.8,13.09,18/02/2024,19:25:37,43.34198,11.32526,380.1
297845,19.6,38.21,99228.75,1.1,0.53,0.07,22.8,13.21,18/02/2024,19:25:37,43.342045,11.325325,380.8
297846,19.6,38.19,99228.6,1.1,0.52,0.07,22.8,13.29,18/02/2024,19:25:37,43.342172,11.32546,382.2
297847,19.6,38.17,99228.45,1.1,0.51,0.07,22.8,13.37,18/02/2024,19:25:37,43.34224,11.32554,382.3
297848,19.6,38.15,99228.3,1.1,0.5,0.07,22.8,13.45,18/02/2024,19:25:37,43.34211,11.32538,381.4
297849,19.6,38.12,99228.46,1.11,0.51,0.07,22.79,13.43,18/02/2024,19:25:42,43.341917,11.3252,379.0
297850,19.6,38.09,99228.62,1.12,0.52,0.07,22.78,13.41,18/02/2024,19:25:42,43.34185,11.325135,378.1
297851,19.6,38.06,99228.78,1.13,0.53,0.07,22.77,13.39,18/02/2024,19:25:42,43.341723,11.325017,375.4
297852,19.6,38.03,99228.94,1.14,0.54,0.08,22.76,13.37,18/02/2024,19:25:42,43.341653,11.324955,374.7
297853,19.59,38.0,99229.17,1.14,0.54,0.08,22.75,13.36,18/02/2024,19:25:47,43.341583,11.324895,374.8
297854,19.58,38.0,99229.52,1.14,0.54,0.08,22.74,13.36,18/02/2024,19:25:47,43.3415,11.324828,375.2
297855,19.57,38.0,99229.87,1.14,0.54,0.08,22.73,13.36,18/02/2024,19:25:47,43.341412,11.32476,375.2
297856,19.56,38.0,99230.22,1.14,0.54,0.08,22.72,13.36,18/02/2024,19:25:47,43.341315,11.324705,375.0
297857,19.55,38.0,99230.57,1.14,0.54,0.08,22.71,13.36,18/02/2024,19:25:47,43.34121,11.324665,373.5
297858,19.54,38.01,99230.6,1.15,0.54,0.08,22.7,13.37,18/02/2024,19:25:52,43.340807,11.324565,367.3
297859,19.53,38.02,99230.35,1.15,0.53,0.08,22.7,13.39,18/02/2024,19:25:52,43.340705,11.324542,366.9
297860,19.52,38.03,99230.1,1.15,0.52,0.08,22.7,13.41,18/02/2024,19:25:52,43.34101,11.324605,369.4
297861,19.51,38.04,99229.85,1.15,0.51,0.08,22.7,13.43,18/02/2024,19:25:52,43.34091,11.32459,368.7
297862,19.5,38.05,99229.6,1.15,0.5,0.08,22.7,13.45,18/02/2024,19:25:52,43.34111,11.324637,370.9
297863,19.5,38.08,99229.48,1.16,0.5,0.08,22.7,13.57,18/02/2024,19:25:57,43.340128,11.32432,362.6
297864,19.5,38.11,99229.36,1.17,0.5,0.08,22.7,13.69,18/02/2024,19:25:57,43.34025,11.324353,364.1
297865,19.5,38.14,99229.24,1.18,0.5,0.08,22.7,13.81,18/02/2024,19:25:57,43.340598,11.324505,366.4
297866,19.5,38.17,99229.12,1.19,0.5,0.07,22.7,13.93,18/02/2024,19:25:57,43.34049,11.32447,365.5
297867,19.5,38.2,99229.0,1.2,0.5,0.07,22.7,14.05,18/02/2024,19:25:57,43.34037,11.32442,364.8
297868,19.49,38.22,99229.07,1.21,0.51,0.07,22.7,14.22,18/02/2024,19:26:02,43.340015,11.32427,362.2
297869,19.48,38.24,99229.14,1.22,0.52,0.07,22.7,14.39,18/02/2024,19:26:02,43.339893,11.324225,362.4
297870,19.47,38.26,99229.21,1.23,0.53,0.07,22.7,14.56,18/02/2024,19:26:02,43.339765,11.32417,361.0
297871,19.46,38.28,99229.28,1.24,0.54,0.07,22.7,14.73,18/02/2024,19:26:02,43.339635,11.324103,359.4
297872,19.45,38.3,99229.35,1.25,0.55,0.07,22.7,14.9,18/02/2024,19:26:02,43.339495,11.32405,360.2
297873,19.44,38.31,99228.84,1.24,0.55,0.07,22.7,14.97,18/02/2024,19:26:07,43.338935,11.323945,357.5
297874,19.43,38.32,99228.33,1.23,0.55,0.07,22.7,15.04,18/02/2024,19:26:07,43.338795,11.323955,355.6
297875,19.42,38.33,99227.82,1.22,0.55,0.07,22.7,15.11,18/02/2024,19:26:07,43.339225,11.323965,358.6
297876,19.41,38.34,99227.31,1.21,0.55,0.07,22.7,15.18,18/02/2024,19:26:07,43.339077,11.32395,358.2
297877,19.4,38.35,99226.8,1.2,0.55,0.07,22.7,15.25,18/02/2024,19:26:07,43.33936,11.324015,359.2
297878,19.4,38.36,99226.96,1.18,0.54,0.07,22.7,15.29,18/02/2024,19:26:12,43.3381,11.32406,348.7
297879,19.4,38.37,99227.12,1.16,0.53,0.07,22.7,15.33,18/02/2024,19:26:12,43.33824,11.324005,349.2
297880,19.4,38.38,99227.28,1.14,0.52,0.07,22.7,15.37,18/02/2024,19:26:12,43.338383,11.32399,349.9
297881,19.4,38.39,99227.44,1.12,0.51,0.07,22.7,15.41,18/02/2024,19:26:12,43.338655,11.32396,354.2
297882,19.4,38.4,99227.6,1.1,0.5,0.07,22.7,15.45,18/02/2024,19:26:12,43.338515,11.323965,353.3
297883,19.4,38.39,99227.88,1.1,0.51,0.07,22.7,15.48,18/02/2024,19:26:17,43.337955,11.32412,347.8
297884,19.4,38.38,99228.16,1.1,0.52,0.07,22.7,15.51,18/02/2024,19:26:17,43.33766,11.32429,346.1
297885,19.4,38.37,99228.44,1.1,0.53,0.07,22.7,15.54,18/02/2024,19:26:17,43.33752,11.32438,344.7
297886,19.4,38.36,99228.72,1.1,0.54,0.07,22.7,15.57,18/02/2024,19:26:17,43.33739,11.324495,345.9
297887,19.4,38.35,99229.0,1.1,0.55,0.07,22.7,15.6,18/02/2024,19:26:17,43.337805,11.32421,347.6
297888,19.4,38.34,99228.66,1.12,0.55,0.07,22.69,15.62,18/02/2024,19:26:22,43.336775,11.325053,341.9
297889,19.4,38.33,99228.32,1.14,0.55,0.07,22.68,15.64,18/02/2024,19:26:22,43.337265,11.3246,345.3
297890,19.4,38.32,99227.98,1.16,0.55,0.07,22.67,15.66,18/02/2024,19:26:22,43.33715,11.324705,345.1
297891,19.4,38.31,99227.64,1.18,0.55,0.06,22.66,15.68,18/02/2024,19:26:22,43.33703,11.324815,345.1
297892,19.4,38.3,99227.3,1.2,0.55,0.06,22.65,15.7,18/02/2024,19:26:22,43.3369,11.32494,343.6
297893,19.4,38.31,99227.58,1.2,0.54,0.06,22.64,15.73,18/02/2024,19:26:27,43.336638,11.32517,340.4
297894,19.4,38.32,99227.86,1.2,0.53,0.06,22.63,15.76,18/02/2024,19:26:27,43.33639,11.32538,336.3
297895,19.4,38.33,99228.14,1.2,0.52,0.06,22.62,15.79,18/02/2024,19:26:27,43.33615,11.325545,332.3
297896,19.4,38.34,99228.42,1.2,0.51,0.06,22.61,15.82,18/02/2024,19:26:27,43.33652,11.325277,337.9
297897,19.4,38.35,99228.7,1.2,0.5,0.06,22.6,15.85,18/02/2024,19:26:27,43.33627,11.325468,333.3
297898,19.4,38.38,99228.68,1.18,0.51,0.06,22.6,15.85,18/02/2024,19:26:32,43.336005,11.32562,330.8
297899,19.4,38.41,99228.66,1.16,0.52,0.06,22.6,15.85,18/02/2024,19:26:32,43.33586,11.32569,330.1
297900,19.4,38.44,99228.64,1.14,0.53,0.06,22.6,15.85,18/02/2024,19:26:32,43.33572,11.325752,327.2
297901,19.4,38.47,99228.62,1.12,0.54,0.06,22.6,15.85,18/02/2024,19:26:32,43.335585,11.325802,326.3
297902,19.4,38.5,99228.6,1.1,0.55,0.06,22.6,15.85,18/02/2024,19:26:32,43.335455,11.325845,326.0
297903,19.39,38.51,99228.39,1.1,0.55,0.06,22.6,15.82,18/02/2024,19:26:37,43.33533,11.32587,325.3
297904,19.38,38.52,99228.18,1.1,0.55,0.06,22.6,15.79,18/02/2024,19:26:37,43.335195,11.32586,327.2
297905,19.37,38.53,99227.97,1.1,0.55,0.06,22.6,15.76,18/02/2024,19:26:37,43.33505,11.325848,328.1
297906,19.36,38.54,99227.76,1.1,0.55,0.06,22.6,15.73,18/02/2024,19:26:37,43.334925,11.325845,328.0
297907,19.35,38.55,99227.55,1.1,0.55,0.06,22.6,15.7,18/02/2024,19:26:37,43.33479,11.32582,327.8
297908,19.33,38.55,99227.41,1.11,0.55,0.06,22.6,15.61,18/02/2024,19:26:42,43.33416,11.325715,323.9
297909,19.31,38.55,99227.27,1.12,0.55,0.06,22.6,15.52,18/02/2024,19:26:42,43.33428,11.325735,324.5
297910,19.29,38.55,99227.13,1.13,0.55,0.06,22.6,15.43,18/02/2024,19:26:42,43.334667,11.3258,327.0
297911,19.27,38.55,99226.99,1.14,0.55,0.06,22.6,15.34,18/02/2024,19:26:42,43.334415,11.325752,324.9
297912,19.25,38.55,99226.85,1.15,0.55,0.06,22.6,15.25,18/02/2024,19:26:42,43.334545,11.325775,325.6
297913,19.24,38.56,99226.89,1.16,0.56,0.06,22.6,15.12,18/02/2024,19:26:47,43.33404,11.3257,324.6
297914,19.23,38.57,99226.93,1.17,0.57,0.06,22.6,14.99,18/02/2024,19:26:47,43.33394,11.32568,324.9
297915,19.22,38.58,99226.97,1.18,0.58,0.06,22.6,14.86,18/02/2024,19:26:47,43.333835,11.325682,325.8
297916,19.21,38.59,99227.01,1.19,0.59,0.06,22.6,14.73,18/02/2024,19:26:47,43.333725,11.32567,325.6
297917,19.2,38.6,99227.05,1.2,0.6,0.06,22.6,14.6,18/02/2024,19:26:47,43.333625,11.325665,324.5
297918,19.18,38.63,99227.86,1.2,0.59,0.06,22.6,14.5,18/02/2024,19:26:52,43.333515,11.325665,324.1
297919,19.16,38.66,99228.67,1.2,0.58,0.06,22.6,14.4,18/02/2024,19:26:52,43.33341,11.325665,323.9
297920,19.14,38.69,99229.48,1.2,0.57,0.06,22.6,14.3,18/02/2024,19:26:52,43.333307,11.32568,323.3
297921,19.12,38.72,99230.29,1.2,0.56,0.06,22.6,14.2,18/02/2024,19:26:52,43.33321,11.325717,323.4
297922,19.1,38.75,99231.1,1.2,0.55,0.06,22.6,14.1,18/02/2024,19:26:52,43.333115,11.325745,323.9
297923,19.06,38.83,99231.6,1.2,0.54,0.06,22.59,14.01,18/02/2024,19:26:57,43.332635,11.325905,323.9
297924,19.02,38.91,99232.1,1.2,0.53,0.06,22.58,13.92,18/02/2024,19:26:57,43.332737,11.325882,324.0
297925,18.98,38.99,99232.6,1.2,0.52,0.06,22.57,13.83,18/02/2024,19:26:57,43.332927,11.325825,323.8
297926,18.94,39.07,99233.1,1.2,0.51,0.06,22.56,13.74,18/02/2024,19:26:57,43.333025,11.325785,323.8
297927,18.9,39.15,99233.6,1.2,0.5,0.06,22.55,13.65,18/02/2024,19:26:57,43.33284,11.32586,323.9
297928,18.89,39.38,99233.07,1.2,0.5,0.06,22.54,13.63,18/02/2024,19:27:02,43.332167,11.326035,322.8
297929,18.88,39.61,99232.54,1.2,0.5,0.06,22.53,13.61,18/02/2024,19:27:02,43.33244,11.325955,324.1
297930,18.87,39.84,99232.01,1.2,0.5,0.06,22.52,13.59,18/02/2024,19:27:02,43.332345,11.325985,323.7
297931,18.86,40.07,99231.48,1.2,0.5,0.06,22.51,13.57,18/02/2024,19:27:02,43.332255,11.326015,323.3
297932,18.85,40.3,99230.95,1.2,0.5,0.06,22.5,13.55,18/02/2024,19:27:02,43.33254,11.32593,324.0
297933,18.87,40.47,99230.07,1.2,0.51,0.06,22.5,13.59,18/02/2024,19:27:07,43.33209,11.326065,322.6
297934,18.89,40.64,99229.19,1.2,0.52,0.06,22.5,13.63,18/02/2024,19:27:07,43.33202,11.3261,323.1
297935,18.91,40.81,99228.31,1.2,0.53,0.06,22.5,13.67,18/02/2024,19:27:07,43.3319,11.32614,323.9
297936,18.93,40.93,99227.91,1.2,0.54,0.06,22.5,13.72,18/02/2024,19:27:12,43.33182,11.326175,322.5
297937,18.95,41.05,99227.51,1.2,0.55,0.06,22.5,13.77,18/02/2024,19:27:12,43.33173,11.32616,319.9
297938,18.96,40.99,99227.91,1.2,0.56,0.07,22.5,13.78,18/02/2024,19:27:17,43.33164,11.326115,319.5
297939,18.97,40.93,99228.31,1.2,0.57,0.07,22.5,13.79,18/02/2024,19:27:17,43.331515,11.32607,320.2
297940,18.98,40.87,99228.71,1.2,0.58,0.07,22.5,13.8,18/02/2024,19:27:17,43.33137,11.32612,320.6
297941,18.99,40.81,99228.78,1.21,0.58,0.07,22.49,13.79,18/02/2024,19:27:22,43.33115,11.3264,323.2
297942,19.0,40.75,99228.85,1.22,0.58,0.07,22.48,13.78,18/02/2024,19:27:22,43.331268,11.32628,322.3
297943,19.0,40.7,99229.23,1.23,0.57,0.08,22.47,13.76,18/02/2024,19:27:22,43.33132,11.326197,321.2
297944,19.0,40.65,99229.61,1.24,0.56,0.08,22.46,13.74,18/02/2024,19:27:22,43.331215,11.326345,322.8
297945,19.0,40.55,99230.19,1.25,0.56,0.08,22.45,13.66,18/02/2024,19:27:27,43.330875,11.326355,325.9
297946,19.0,40.5,99230.29,1.26,0.56,0.08,22.44,13.57,18/02/2024,19:27:27,43.330803,11.326305,326.0
297947,19.0,40.45,99230.39,1.27,0.56,0.08,22.43,13.48,18/02/2024,19:27:27,43.331012,11.32643,324.5
297948,19.0,40.24,99230.29,1.27,0.56,0.08,22.42,13.34,18/02/2024,19:27:32,43.33068,11.326205,328.5
297949,19.0,40.03,99230.19,1.27,0.56,0.08,22.41,13.2,18/02/2024,19:27:32,43.33061,11.326155,330.0
297950,19.0,39.82,99230.09,1.27,0.56,0.08,22.4,13.06,18/02/2024,19:27:32,43.33054,11.32611,330.6
297951,19.0,39.61,99230.32,1.26,0.57,0.08,22.4,12.94,18/02/2024,19:27:32,43.33042,11.326025,332.1
297952,19.0,39.47,99231.93,1.25,0.58,0.08,22.4,12.8,18/02/2024,19:27:37,43.330337,11.325943,333.5
297953,19.0,39.33,99233.54,1.24,0.59,0.08,22.4,12.66,18/02/2024,19:27:37,43.33029,11.325847,334.0
297954,19.0,39.15,99235.91,1.24,0.6,0.08,22.4,12.52,18/02/2024,19:27:42,43.330255,11.32571,332.7
297955,19.0,39.02,99238.08,1.24,0.6,0.08,22.4,12.44,18/02/2024,19:27:42,43.330255,11.32552,331.9
297956,19.0,38.89,99240.25,1.24,0.6,0.08,22.4,12.36,18/02/2024,19:27:42,43.330277,11.325415,331.3
297957,19.0,38.78,99242.85,1.24,0.6,0.09,22.39,12.22,18/02/2024,19:27:47,43.33046,11.32486,328.2
297958,19.0,38.83,99245.42,1.25,0.6,0.09,22.38,12.14,18/02/2024,19:27:47,43.330307,11.32531,330.4
297959,19.0,38.88,99247.99,1.26,0.6,0.09,22.37,12.06,18/02/2024,19:27:47,43.330375,11.325088,328.5
297960,19.0,38.93,99250.56,1.27,0.6,0.09,22.36,11.98,18/02/2024,19:27:47,43.33042,11.324975,328.3
297961,19.0,38.98,99253.13,1.28,0.6,0.09,22.35,11.9,18/02/2024,19:27:47,43.33034,11.325203,329.2
297962,19.0,38.88,99253.17,1.29,0.59,0.09,22.34,11.78,18/02/2024,19:27:52,43.33054,11.324635,327.9
297963,19.0,38.78,99253.21,1.3,0.58,0.09,22.33,11.66,18/02/2024,19:27:52,43.330577,11.32453,327.6
297964,19.0,38.72,99252.49,1.3,0.57,0.09,22.32,11.54,18/02/2024,19:27:52,43.330615,11.324425,327.3
297965,19.0,38.66,99251.77,1.3,0.56,0.09,22.31,11.42,18/02/2024,19:27:52,43.33064,11.32432,326.7
297966,19.0,38.6,99251.05,1.3,0.55,0.09,22.3,11.3,18/02/2024,19:27:52,43.330503,11.32475,328.5
297967,18.99,38.55,99244.21,1.31,0.54,0.09,22.3,11.19,18/02/2024,19:27:57,43.330663,11.324205,326.6
297968,18.98,38.5,99237.37,1.32,0.53,0.09,22.3,11.08,18/02/2024,19:27:57,43.33068,11.32408,325.8
297969,18.97,38.45,99230.53,1.33,0.52,0.09,22.3,10.97,18/02/2024,19:27:57,43.330705,11.32395,325.5
297970,18.96,38.4,99223.69,1.34,0.51,0.09,22.3,10.86,18/02/2024,19:27:57,43.330727,11.323815,324.7
297971,18.95,38.35,99216.85,1.35,0.5,0.09,22.3,10.75,18/02/2024,19:27:57,43.33077,11.32368,323.2
297972,18.91,38.44,99205.67,1.36,0.51,0.09,22.3,10.77,18/02/2024,19:28:02,43.331065,11.32294,319.4
297973,18.87,38.53,99194.49,1.37,0.52,0.09,22.3,10.79,18/02/2024,19:28:02,43.330995,11.323085,320.1
297974,18.83,38.62,99183.31,1.38,0.53,0.09,22.3,10.81,18/02/2024,19:28:02,43.330815,11.32354,322.6
297975,18.79,38.71,99172.13,1.39,0.54,0.09,22.3,10.83,18/02/2024,19:28:02,43.330922,11.323252,321.2
297976,18.75,38.8,99160.95,1.4,0.55,0.09,22.3,10.85,18/02/2024,19:28:02,43.330865,11.323395,321.9
297977,18.7,38.9,99150.49,1.4,0.55,0.09,22.3,10.97,18/02/2024,19:28:07,43.33112,11.322795,319.0
297978,18.65,39.0,99140.03,1.4,0.55,0.09,22.3,11.09,18/02/2024,19:28:07,43.331175,11.322655,318.8
297979,18.6,39.1,99129.57,1.4,0.55,0.09,22.3,11.21,18/02/2024,19:28:07,43.331225,11.322525,318.8
297980,18.55,39.2,99119.11,1.4,0.55,0.09,22.3,11.33,18/02/2024,19:28:07,43.331305,11.322375,319.2
297981,18.5,39.3,99108.65,1.4,0.55,0.09,22.3,11.45,18/02/2024,19:28:07,43.331372,11.32224,318.8
297982,18.46,39.37,99099.79,1.39,0.54,0.09,22.3,11.57,18/02/2024,19:28:12,43.33157,11.321425,319.3
297983,18.42,39.44,99090.93,1.38,0.53,0.09,22.3,11.69,18/02/2024,19:28:12,43.33143,11.322065,318.8
297984,18.38,39.51,99082.07,1.37,0.52,0.09,22.3,11.81,18/02/2024,19:28:12,43.331475,11.321885,317.8
297985,18.34,39.58,99073.21,1.36,0.51,0.09,22.3,11.93,18/02/2024,19:28:12,43.331507,11.321717,317.6
297986,18.3,39.65,99064.35,1.35,0.5,0.09,22.3,12.05,18/02/2024,19:28:12,43.33153,11.321555,318.7
297987,18.28,39.69,99060.62,1.34,0.5,0.09,22.29,12.18,18/02/2024,19:28:17,43.33164,11.321295,321.0
297988,18.26,39.73,99056.89,1.33,0.5,0.09,22.28,12.31,18/02/2024,19:28:17,43.331685,11.321147,321.5
297989,18.24,39.77,99053.16,1.32,0.5,0.09,22.27,12.44,18/02/2024,19:28:17,43.33173,11.321,321.0
297990,18.22,39.81,99049.43,1.31,0.5,0.09,22.26,12.57,18/02/2024,19:28:17,43.331822,11.3209,317.1
297991,18.2,39.85,99045.7,1.3,0.5,0.09,22.25,12.7,18/02/2024,19:28:17,43.331865,11.320725,324.6
297992,18.21,39.82,99044.78,1.31,0.51,0.09,22.23,12.75,18/02/2024,19:28:22,43.332045,11.320172,330.3
297993,18.22,39.79,99043.86,1.32,0.52,0.08,22.21,12.8,18/02/2024,19:28:22,43.33209,11.32006,330.2
297994,18.23,39.76,99042.94,1.33,0.53,0.08,22.19,12.85,18/02/2024,19:28:22,43.332,11.3203,330.4
297995,18.24,39.73,99042.02,1.34,0.54,0.08,22.17,12.9,18/02/2024,19:28:22,43.331955,11.320425,330.4
297996,18.25,39.7,99041.1,1.35,0.55,0.08,22.15,12.95,18/02/2024,19:28:22,43.33191,11.320562,330.0
297997,18.26,39.68,99040.08,1.36,0.55,0.08,22.14,12.9,18/02/2024,19:28:27,43.33222,11.319575,329.3
297998,18.27,39.66,99039.06,1.37,0.55,0.08,22.13,12.85,18/02/2024,19:28:27,43.332125,11.319932,329.1
297999,18.28,39.64,99038.04,1.38,0.55,0.08,22.12,12.8,18/02/2024,19:28:27,43.332152,11.319815,328.4
298000,18.29,39.62,99037.02,1.39,0.55,0.08,22.11,12.75,18/02/2024,19:28:27,43.33218,11.31972,328.3
298001,18.31,39.59,99036.2,1.39,0.56,0.08,22.09,12.63,18/02/2024,19:28:32,43.33228,11.31947,330.4
298002,18.32,39.6,99036.46,1.38,0.56,0.08,22.08,12.52,18/02/2024,19:28:32,43.33234,11.319395,331.4
298003,18.33,39.58,99037.57,1.37,0.55,0.08,22.07,12.38,18/02/2024,19:28:37,43.332415,11.319273,332.1
298004,18.34,39.56,99038.68,1.36,0.54,0.08,22.06,12.24,18/02/2024,19:28:37,43.332405,11.319135,333.7
298005,18.35,39.56,99040.41,1.35,0.53,0.08,22.05,12.04,18/02/2024,19:28:42,43.33235,11.31903,335.0
298006,18.36,39.56,99042.14,1.34,0.52,0.08,22.04,11.84,18/02/2024,19:28:42,43.332242,11.319005,335.9
298007,18.37,39.54,99043.81,1.33,0.52,0.08,22.03,11.68,18/02/2024,19:28:42,43.33218,11.319055,336.1
298008,18.38,39.52,99045.48,1.32,0.52,0.08,22.02,11.52,18/02/2024,19:28:42,43.332135,11.31915,336.1
298009,18.39,39.48,99047.0,1.32,0.52,0.08,22.01,11.34,18/02/2024,19:28:47,43.332075,11.319885,334.5
298010,18.4,39.44,99048.52,1.32,0.52,0.09,22.0,11.16,18/02/2024,19:28:47,43.332097,11.31929,336.4
298011,18.4,39.41,99049.84,1.33,0.51,0.09,22.0,11.05,18/02/2024,19:28:47,43.33207,11.319593,336.1
298012,18.4,39.38,99051.16,1.34,0.5,0.09,22.0,10.94,18/02/2024,19:28:47,43.33207,11.319435,336.8
298013,18.4,39.38,99051.63,1.35,0.5,0.09,22.0,10.86,18/02/2024,19:28:47,43.33208,11.319745,335.4
298014,18.41,39.39,99051.13,1.34,0.5,0.09,22.0,10.77,18/02/2024,19:28:52,43.331882,11.320535,331.9
298015,18.42,39.38,99050.01,1.33,0.5,0.09,22.0,10.74,18/02/2024,19:28:52,43.332045,11.32002,333.5
298016,18.43,39.37,99048.89,1.32,0.5,0.09,22.0,10.71,18/02/2024,19:28:52,43.33197,11.32029,332.9
298017,18.44,39.36,99047.77,1.31,0.5,0.09,22.0,10.68,18/02/2024,19:28:52,43.33201,11.320155,333.1
298018,18.45,39.35,99046.65,1.3,0.5,0.09,22.0,10.65,18/02/2024,19:28:52,43.331925,11.32042,332.1
298019,18.46,39.33,99045.27,1.28,0.5,0.09,22.0,10.64,18/02/2024,19:28:57,43.33185,11.32065,331.2
298020,18.47,39.31,99043.89,1.26,0.5,0.09,22.0,10.63,18/02/2024,19:28:57,43.331802,11.320755,330.4
298021,18.48,39.29,99042.51,1.24,0.5,0.09,22.0,10.62,18/02/2024,19:28:57,43.33168,11.32095,329.5
298022,18.49,39.27,99041.13,1.22,0.5,0.09,22.0,10.61,18/02/2024,19:28:57,43.331755,11.32083,330.0
298023,18.5,39.23,99039.53,1.2,0.51,0.09,22.0,10.59,18/02/2024,19:29:02,43.331612,11.321065,327.8
298024,18.5,39.18,99038.9,1.2,0.52,0.09,22.0,10.58,18/02/2024,19:29:02,43.33155,11.321185,327.2
298025,18.5,39.12,99037.03,1.21,0.52,0.09,22.0,10.55,18/02/2024,19:29:07,43.331477,11.32131,326.6
298026,18.5,39.06,99035.16,1.22,0.52,0.09,22.0,10.52,18/02/2024,19:29:07,43.331422,11.32142,326.2
298027,18.5,39.0,99033.29,1.23,0.52,0.09,22.0,10.49,18/02/2024,19:29:07,43.331365,11.321535,326.2
298028,18.5,38.97,99029.31,1.23,0.52,0.09,22.0,10.47,18/02/2024,19:29:12,43.3313,11.321655,326.1
298029,18.5,38.97,99025.74,1.23,0.52,0.09,22.0,10.45,18/02/2024,19:29:12,43.331237,11.321772,326.0
298030,18.49,39.01,99019.93,1.24,0.52,0.09,22.0,10.48,18/02/2024,19:29:17,43.331237,11.321772,326.0
298031,18.47,39.06,99010.67,1.25,0.53,0.09,22.0,10.56,18/02/2024,19:29:22,43.331237,11.321772,326.0
298032,18.44,39.15,98999.11,1.27,0.53,0.09,22.0,10.71,18/02/2024,19:29:27,43.331237,11.321772,326.0
298033,18.4,39.28,98988.04,1.26,0.53,0.09,22.0,10.94,18/02/2024,19:29:32,43.331237,11.321772,326.0
298034,18.35,39.42,98977.47,1.26,0.52,0.09,21.99,11.17,18/02/2024,19:29:37,43.331237,11.321772,326.0
298035,18.3,39.57,98967.99,1.25,0.52,0.09,21.98,11.42,18/02/2024,19:29:42,43.331237,11.321772,326.0
298036,18.25,39.73,98959.14,1.26,0.53,0.09,21.96,11.67,18/02/2024,19:29:47,43.331237,11.321772,326.0
298037,18.17,39.96,98949.82,1.24,0.53,0.09,21.94,11.83,18/02/2024,19:29:52,43.331237,11.321772,326.0
298038,18.06,40.2,98942.14,1.24,0.53,0.08,21.91,11.97,18/02/2024,19:29:57,43.331237,11.321772,326.0
298039,17.93,40.52,98934.65,1.24,0.53,0.08,21.87,12.12,18/02/2024,19:30:02,43.331237,11.321772,326.0
298040,17.8,40.83,98931.36,1.25,0.54,0.08,21.83,12.23,18/02/2024,19:30:07,43.331237,11.321772,326.0
298041,17.67,41.13,98932.26,1.24,0.53,0.08,21.77,12.32,18/02/2024,19:30:12,43.331237,11.321772,326.0
298042,17.55,41.4,98936.78,1.21,0.53,0.08,21.7,12.36,18/02/2024,19:30:17,43.331237,11.321772,326.0
298043,17.43,41.68,98943.54,1.21,0.52,0.08,21.62,12.36,18/02/2024,19:30:22,43.331237,11.321772,326.0
298044,17.32,41.96,98952.2,1.22,0.53,0.08,21.55,12.38,18/02/2024,19:30:27,43.331237,11.321772,326.0
298045,17.2,42.27,98964.74,1.23,0.54,0.08,21.47,12.48,18/02/2024,19:30:32,43.331237,11.321772,326.0
298046,17.07,42.59,98981.82,1.21,0.54,0.08,21.39,12.59,18/02/2024,19:30:37,43.331237,11.321772,326.0
298047,16.95,42.88,99006.32,1.22,0.55,0.08,21.3,12.79,18/02/2024,19:30:42,43.331237,11.321772,326.0
298048,16.85,43.18,99036.67,1.23,0.56,0.08,21.22,12.98,18/02/2024,19:30:47,43.331237,11.321772,326.0
298049,16.76,43.44,99073.75,1.23,0.56,0.08,21.14,13.08,18/02/2024,19:30:52,43.331237,11.321772,326.0
298050,16.65,43.71,99114.43,1.21,0.55,0.08,21.05,13.14,18/02/2024,19:30:57,43.331237,11.321772,326.0
298051,16.53,44.04,99158.31,1.21,0.55,0.08,20.97,13.19,18/02/2024,19:31:02,43.331237,11.321772,326.0
298052,16.4,44.38,99206.8,1.23,0.54,0.08,20.9,13.21,18/02/2024,19:31:07,43.331237,11.321772,326.0
298053,16.29,44.7,99254.51,1.24,0.54,0.08,20.82,13.2,18/02/2024,19:31:12,43.331237,11.321772,326.0
298054,16.18,45.01,99304.39,1.23,0.53,0.08,20.73,13.16,18/02/2024,19:31:17,43.331237,11.321772,326.0
298055,16.08,45.28,99351.67,1.22,0.52,0.08,20.64,13.1,18/02/2024,19:31:22,43.331237,11.321772,326.0
298056,16.0,45.51,99395.27,1.23,0.51,0.08,20.55,13.04,18/02/2024,19:31:27,43.331237,11.321772,326.0
298057,15.94,45.68,99433.53,1.23,0.5,0.07,20.46,13.0,18/02/2024,19:31:32,43.331237,11.321772,326.0
298058,15.9,45.77,99468.86,1.22,0.49,0.07,20.36,12.96,18/02/2024,19:31:37,43.331237,11.321772,326.0
298059,15.88,45.82,99498.03,1.22,0.49,0.07,20.27,12.99,18/02/2024,19:31:42,43.331237,11.321772,326.0
298060,15.89,45.79,99520.58,1.23,0.49,0.07,20.19,13.0,18/02/2024,19:31:47,43.331237,11.321772,326.0
298061,15.91,45.7,99538.02,1.23,0.49,0.08,20.11,12.95,18/02/2024,19:31:52,43.331237,11.321772,326.0
298062,15.93,45.61,99545.6,1.22,0.5,0.08,20.03,12.91,18/02/2024,19:31:57,43.331237,11.321772,326.0
298063,15.93,45.53,99547.63,1.23,0.5,0.08,19.97,12.86,18/02/2024,19:32:02,43.331237,11.321772,326.0
298064,15.93,45.46,99548.04,1.25,0.5,0.08,19.92,12.85,18/02/2024,19:32:07,43.331237,11.321772,326.0
298065,15.93,45.4,99547.87,1.26,0.5,0.08,19.88,12.78,18/02/2024,19:32:12,43.331237,11.321772,326.0
298066,15.92,45.38,99547.82,1.26,0.5,0.08,19.84,12.74,18/02/2024,19:32:17,43.331237,11.321772,326.0
298067,15.92,45.36,99548.33,1.27,0.49,0.08,19.81,12.62,18/02/2024,19:32:22,43.331237,11.321772,326.0
298068,15.93,45.39,99551.79,1.28,0.49,0.08,19.79,12.48,18/02/2024,19:32:27,43.331237,11.321772,326.0
298069,15.94,45.39,99555.95,1.29,0.49,0.08,19.77,12.27,18/02/2024,19:32:32,43.331237,11.321772,326.0
298070,15.96,45.43,99560.39,1.28,0.49,0.08,19.75,12.01,18/02/2024,19:32:37,43.331237,11.321772,326.0
298071,16.0,45.57,99563.17,1.3,0.49,0.08,19.75,11.76,18/02/2024,19:32:42,43.331237,11.321772,326.0
298072,16.06,45.63,99566.31,1.32,0.49,0.08,19.75,11.49,18/02/2024,19:32:47,43.331237,11.321772,326.0
298073,16.14,45.66,99570.15,1.33,0.49,0.09,19.76,11.26,18/02/2024,19:32:52,43.331237,11.321772,326.0
298074,16.22,45.67,99569.75,1.33,0.49,0.1,19.78,11.01,18/02/2024,19:32:57,43.331237,11.321772,326.0
298075,16.31,45.67,99568.7,1.35,0.49,0.1,19.8,10.76,18/02/2024,19:33:02,43.331237,11.321772,326.0
298076,16.41,45.64,99563.99,1.38,0.49,0.11,19.84,10.45,18/02/2024,19:33:07,43.331237,11.321772,326.0
298077,16.51,45.62,99557.28,1.42,0.5,0.12,19.88,10.19,18/02/2024,19:33:12,43.331237,11.321772,326.0
298078,16.59,45.55,99545.61,1.43,0.5,0.13,19.93,9.94,18/02/2024,19:33:17,43.331237,11.321772,326.0
298079,16.67,45.48,99535.06,1.44,0.49,0.14,19.99,9.77,18/02/2024,19:33:22,43.331237,11.321772,326.0
298080,16.75,45.38,99528.67,1.47,0.49,0.14,20.05,9.71,18/02/2024,19:33:27,43.331237,11.321772,326.0
298081,16.82,45.22,99527.64,1.48,0.49,0.15,20.11,9.64,18/02/2024,19:33:32,43.331237,11.321772,326.0
298082,16.89,45.08,99533.31,1.48,0.49,0.15,20.17,9.56,18/02/2024,19:33:37,43.331237,11.321772,326.0
298083,16.96,44.94,99542.78,1.48,0.49,0.16,20.23,9.45,18/02/2024,19:33:42,43.331237,11.321772,326.0
298084,17.03,44.81,99552.78,1.49,0.48,0.16,20.28,9.31,18/02/2024,19:33:47,43.331237,11.321772,326.0
298085,17.1,44.7,99563.99,1.49,0.48,0.16,20.34,9.11,18/02/2024,19:33:52,43.331237,11.321772,326.0
298086,17.16,44.59,99576.92,1.46,0.48,0.16,20.39,8.92,18/02/2024,19:33:57,43.331237,11.321772,326.0
298087,17.22,44.46,99589.74,1.42,0.47,0.16,20.45,8.71,18/02/2024,19:34:02,43.331237,11.321772,326.0
298088,17.28,44.35,99602.47,1.41,0.47,0.16,20.5,8.5,18/02/2024,19:34:07,43.331237,11.321772,326.0
298089,17.34,44.28,99612.44,1.43,0.48,0.16,20.55,8.28,18/02/2024,19:34:12,43.331237,11.321772,326.0
298090,17.39,44.23,99618.78,1.42,0.48,0.16,20.6,8.02,18/02/2024,19:34:17,43.331237,11.321772,326.0
298091,17.45,44.13,99623.07,1.41,0.48,0.17,20.65,7.81,18/02/2024,19:34:22,43.331237,11.321772,326.0
298092,17.5,44.05,99623.4,1.41,0.48,0.17,20.7,7.63,18/02/2024,19:34:27,43.331237,11.321772,326.0
298093,17.55,43.94,99622.79,1.42,0.49,0.17,20.74,7.44,18/02/2024,19:34:32,43.331237,11.321772,326.0
298094,17.6,43.8,99622.74,1.42,0.49,0.17,20.79,7.24,18/02/2024,19:34:37,43.331237,11.321772,326.0
298095,17.65,43.64,99621.08,1.42,0.49,0.17,20.83,7.06,18/02/2024,19:34:42,43.331237,11.321772,326.0
298096,17.7,43.46,99619.54,1.45,0.49,0.17,20.88,6.84,18/02/2024,19:34:47,43.331237,11.321772,326.0
298097,17.75,43.2,99617.99,1.5,0.5,0.17,20.92,6.66,18/02/2024,19:34:52,43.331237,11.321772,326.0
298098,17.81,42.9,99616.17,1.55,0.5,0.17,20.97,6.53,18/02/2024,19:34:57,43.331237,11.321772,326.0
298099,17.86,42.56,99614.95,1.58,0.5,0.16,21.01,6.42,18/02/2024,19:35:02,43.331237,11.321772,326.0
298100,17.92,42.22,99613.77,1.63,0.5,0.16,21.05,6.35,18/02/2024,19:35:07,43.331237,11.321772,326.0
298101,17.97,41.92,99613.07,1.69,0.49,0.15,21.09,6.23,18/02/2024,19:35:12,43.331237,11.321772,326.0
298102,18.03,41.66,99612.22,1.73,0.49,0.14,21.13,6.1,18/02/2024,19:35:17,43.331237,11.321772,326.0
298103,18.08,41.44,99611.29,1.75,0.48,0.14,21.18,6.0,18/02/2024,19:35:22,43.331237,11.321772,326.0
298104,18.14,41.27,99611.11,1.78,0.49,0.13,21.22,5.94,18/02/2024,19:35:27,43.331237,11.321772,326.0
298105,18.19,41.09,99611.44,1.82,0.49,0.13,21.26,5.92,18/02/2024,19:35:32,43.331237,11.321772,326.0
298106,18.25,41.03,99612.73,1.83,0.49,0.13,21.3,5.95,18/02/2024,19:35:37,43.331237,11.321772,326.0
298107,18.3,41.06,99613.13,1.81,0.49,0.12,21.34,5.98,18/02/2024,19:35:42,43.331237,11.321772,326.0
298108,18.34,41.1,99613.65,1.79,0.5,0.12,21.37,6.0,18/02/2024,19:35:47,43.331237,11.321772,326.0
298109,18.39,41.63,99613.56,1.78,0.5,0.13,21.41,6.02,18/02/2024,19:35:52,43.331237,11.321772,326.0
298110,18.43,41.91,99613.35,1.76,0.51,0.13,21.45,6.03,18/02/2024,19:35:57,43.331237,11.321772,326.0
298111,18.48,42.16,99612.8,1.72,0.52,0.14,21.49,6.08,18/02/2024,19:36:02,43.331237,11.321772,326.0
298112,18.52,42.2,99614.5,1.69,0.52,0.15,21.53,6.14,18/02/2024,19:36:07,43.331237,11.321772,326.0
298113,18.56,42.26,99616.68,1.69,0.52,0.16,21.56,6.16,18/02/2024,19:36:12,43.331237,11.321772,326.0
